Date;Work;Name;Bio;Phone
1977-09-09;Designer, interior/spatial;Michael Rice;Think gas sport.Live catch have industry research lose name.Account face not occur leader writer.;161.126.3749x754
2013-11-25;Pension scheme manager;Tyrone Hall;Experience whether share network performance money blue by.Four maybe six teach.Buy attorney both federal material.;435.915.1779x6253
2008-09-13;Pensions consultant;Daniel Miller;Others smile wife middle.Rest study ball ability.At new card size result place.;001-725-2186x26812
1971-04-05;Psychiatrist;William Clark;Everything effect check personal book final either.Product sea until low.Trouble wife responsibility.;(713)587-7721x221
1978-02-24;Meteorologist;Edward Taylor;Shoulder course first fight.Song budget interest record voice support budget difference.Over moment dinner sure.;(633)976-8963x7250
1985-12-14;Energy manager;Patricia Johnson;Later debate provide lot.Reason director list day.Capital magazine true old century truth.;(930)529-4862x2305
1999-03-02;Warden/ranger;Richard Nelson;Guy decide actually new full do generation.Record others there character street politics.Term inside leg important institution pattern.;001-700-214-6078x67213
2016-11-07;Investment analyst;Brian Ramirez;Girl may whether boy truth happy.Fish something memory.Baby recent federal choose.;001-085-935-3339x70006
1997-10-01;Restaurant manager, fast food;Jeanette Norman;Why bank group lead.Commercial garden meet summer chance act.Eight no participant debate join source.;+1-733-764-3564x229
2015-02-16;Medical technical officer;Samantha Barber;Two policy between mention many.What great rock glass.Record threat especially produce note model best type.;(060)210-4143
2006-06-26;Mental health nurse;Gary Jacobs;Professor stay billion easy child.Do car fast hair sea.Take back with American find side good number.;+1-588-503-3364x28763
1972-02-13;Restaurant manager;Michael Green;Woman ever reflect whom.Group too face easy member compare.None adult event range.;343-432-5763
