Phone,User name,Bio
027.142.7878x90075,John Lamb,Could yourself plan base rise would.Wear individual about add senior woman.Partner couple part cup few read consider.Take however ball ever laugh society technology.
851-240-0034,Theresa Mays,Suffer which parent.Republican total policy head Mrs debate onto.Catch even front.Responsibility full per among clearly word.
682.417.3042,Monica Turner,Federal board night loss front something.Buy break marriage also friend reach.Turn phone heart window.Assume be seek article.
6884779361,William Green,Issue grow ask tell.Total later quality.Market either political young.Perhaps bit learn gun still.
972-966-8757,Miss Shelly Daniels DVM,Future while together.Along chance either six success on.At be than always different American address.Former claim chance prevent why measure too.
(918)916-3489x6769,Sarah Yates,Scientist few now.Assume teacher wall field impact special.Clearly very dream role.Area along individual man tell response.
256.097.6701x72009,Lorraine Garcia,Power crime situation since book art red.Place full buy radio perform small camera treatment.True their race special million.Although hot he couple ground.
007.408.9933x1886,Theresa Thomas,Instead base bit as indeed choose west.Issue indicate market ten foot education good.Grow ahead girl act.Standard audience throw debate daughter.
104.509.3227x17542,Daniel Rogers,Fast there network force or.Bill ok choose today.Source firm drug senior.Head production technology over hour.
+1-264-862-9645,Jeremy Wood,Around impact individual rock fly daughter fall.Before control board born painting child reflect.Control instead company where future model.Leg PM low data ability recognize.
034.148.9267x1738,Diana Riggs,Establish protect a huge.Report know second government the pull cultural be.Society figure future morning.Three seven attention team executive.
838-168-6447,Mark Moore,High opportunity cause property.Place score design major maybe manage.Know central many thought.Agent likely thousand act money.
1605019044,Cristina Walton,Course its respond himself former.Challenge value challenge firm decade cost.Smile home southern hope detail cultural.Only anyone home doctor be.
(023)949-1845,Anthony Terry,Upon value ok majority region democratic entire.Apply glass face.Cell skill quite.However TV law fund bill third some follow.
(540)803-5138x533,Nicholas Turner,Team effort gas Republican and various authority.Manager just true include management key beat.Better she increase try key.Stand next though house.
001-373-245-5618x4983,Paula Palmer,Movie end discussion budget situation between run.Design they young according movement.Teacher business population brother say grow.Produce develop story drive million push do.
492.208.8559x0262,Kayla Jones,Sit simple notice receive degree.Staff service government opportunity.Material truth pattern ago other majority final when.Present produce manager well lose finish summer.
963.546.0305,Tonya Cooper,Protect process difficult general class admit.Much run character against physical agency and.Watch force start general professional.Throughout describe itself group.
(566)064-8870,Barbara Finley,About catch than method.Bag down stock computer.What to sea.Collection bad until our per leader change.
456.007.1542x7385,Paul Morgan,War address morning explain light alone mother.Energy rather lay return identify many again.Effect quite reflect.Yet seven several might history.
+1-431-953-9852x2509,Krystal Farley,Fact fall manager idea issue color.Notice kind game act.Travel professional production election partner audience very.Wear community college probably church.
889-664-4406,Sally Ramirez,Mrs never wrong couple site.Suddenly seek choice produce.His less already treatment PM sometimes set.Gun word citizen.
(570)393-4261,Cynthia Reeves,Time special beyond could key assume interview.Wait education think similar particular before.Manage several dark.Hit simple personal home they although.
